{
  "train_loss": [
    4.13970687866211,
    3.3135782718658446,
    3.304920792579651,
    3.308504595756531,
    3.2957184982299803,
    3.1077325201034545,
    2.948747787475586,
    2.8229756355285645,
    2.700550260543823,
    2.6241891050338744,
    2.528183927536011,
    2.4949797010421753,
    2.4148335361480715,
    2.3710620641708373,
    2.3161181735992433,
    2.282529911994934,
    2.2574574947357178,
    2.190633788108826,
    2.1505095863342287,
    2.1192892837524413,
    2.0881615400314333,
    2.047711582183838,
    2.024860231876373,
    1.9858370232582092,
    1.960469195842743,
    1.932557065486908,
    1.9089622354507447,
    1.8856184148788453,
    1.8707748556137085,
    1.8437461161613464
  ],
  "val_loss": [
    4.140338544845581,
    3.298879861831665,
    3.294677691459656,
    3.2926227903366088,
    3.2837297201156614,
    3.0989264059066772,
    2.9522781276702883,
    2.85980149269104,
    2.7465223407745363,
    2.6577131223678587,
    2.563059701919556,
    2.5300481605529783,
    2.4542493629455566,
    2.411837649345398,
    2.3581113481521605,
    2.3320642042160036,
    2.309178018569946,
    2.2461287546157838,
    2.2148780393600465,
    2.1745374059677123,
    2.1531057810783385,
    2.1146507096290588,
    2.105031189918518,
    2.0640891885757444,
    2.03867351770401,
    2.0214776730537416,
    2.0031742572784426,
    1.9754902815818787,
    1.9639026975631715,
    1.9427167105674743
  ],
  "iter": [
    0,
    100,
    200,
    300,
    400,
    500,
    600,
    700,
    800,
    900,
    1000,
    1100,
    1200,
    1300,
    1400,
    1500,
    1600,
    1700,
    1800,
    1900,
    2000,
    2100,
    2200,
    2300,
    2400,
    2500,
    2600,
    2700,
    2800,
    2900
  ],
  "lr": [
    0.0,
    5.9999999999999995e-05,
    5.991206935731539e-05,
    5.964930833565129e-05,
    5.921479756774203e-05,
    5.861363129506435e-05,
    5.785285764251384e-05,
    5.694139598558465e-05,
    5.588993237884696e-05,
    5.471079427172741e-05,
    5.341780598043573e-05,
    5.2026126610496846e-05,
    5.055207233009871e-05,
    4.901292507793831e-05,
    4.742672994829147e-05,
    4.5812083628781256e-05,
    4.4187916371218736e-05,
    4.257327005170853e-05,
    4.0987074922061684e-05,
    3.944792766990128e-05,
    3.7973873389503146e-05,
    3.6582194019564266e-05,
    3.528920572827259e-05,
    3.411006762115304e-05,
    3.305860401441534e-05,
    3.214714235748616e-05,
    3.138636870493564e-05,
    3.0785202432257966e-05,
    3.03506916643487e-05,
    3.0087930642684605e-05
  ]
}