{
  "train_loss": [
    4.264687757492066,
    3.3113656044006348,
    3.307708020210266,
    3.2217718410491942,
    2.8985891723632813,
    2.7018502807617186,
    2.5284694051742553,
    2.3707823276519777,
    2.268814764022827,
    2.169293022155762,
    2.0827437353134157,
    2.017226176261902,
    1.9761935520172118,
    1.8924292397499085,
    1.8645861077308654,
    1.83960834980011,
    1.78359375,
    1.7473707222938537,
    1.6957686734199524,
    1.6657909655570984,
    1.6484880661964416,
    1.6138245391845703,
    1.5985394191741944,
    1.5717781472206116,
    1.5573627495765685,
    1.555761730670929,
    1.5329955768585206,
    1.5168536353111266,
    1.5070773363113403,
    1.4970818996429442
  ],
  "val_loss": [
    4.265779685974121,
    3.2962772369384767,
    3.295347590446472,
    3.201643328666687,
    2.9088332748413084,
    2.7302728700637817,
    2.5521347761154174,
    2.412109775543213,
    2.3147186422348023,
    2.213713297843933,
    2.1322780656814575,
    2.0721681451797487,
    2.0449356389045716,
    1.9750665783882142,
    1.9327613854408263,
    1.917981824874878,
    1.866621322631836,
    1.8439392113685609,
    1.7880840468406678,
    1.7578407430648804,
    1.744554946422577,
    1.7123336863517762,
    1.7008942365646362,
    1.6718411564826965,
    1.6601893734931945,
    1.6523505234718323,
    1.6292079091072083,
    1.6099497056007386,
    1.5992103600502015,
    1.5916172337532044
  ],
  "iter": [
    0,
    100,
    200,
    300,
    400,
    500,
    600,
    700,
    800,
    900,
    1000,
    1100,
    1200,
    1300,
    1400,
    1500,
    1600,
    1700,
    1800,
    1900,
    2000,
    2100,
    2200,
    2300,
    2400,
    2500,
    2600,
    2700,
    2800,
    2900
  ],
  "lr": [
    0.0,
    5.9999999999999995e-05,
    5.991206935731539e-05,
    5.964930833565129e-05,
    5.921479756774203e-05,
    5.861363129506435e-05,
    5.785285764251384e-05,
    5.694139598558465e-05,
    5.588993237884696e-05,
    5.471079427172741e-05,
    5.341780598043573e-05,
    5.2026126610496846e-05,
    5.055207233009871e-05,
    4.901292507793831e-05,
    4.742672994829147e-05,
    4.5812083628781256e-05,
    4.4187916371218736e-05,
    4.257327005170853e-05,
    4.0987074922061684e-05,
    3.944792766990128e-05,
    3.7973873389503146e-05,
    3.6582194019564266e-05,
    3.528920572827259e-05,
    3.411006762115304e-05,
    3.305860401441534e-05,
    3.214714235748616e-05,
    3.138636870493564e-05,
    3.0785202432257966e-05,
    3.03506916643487e-05,
    3.0087930642684605e-05
  ]
}